<?xml version="1.0" encoding="UTF-8"?>
<jcr:root xmlns:cq="http://www.day.com/jcr/cq/1.0" xmlns:jcr="http://www.jcp.org/jcr/1.0" xmlns:nt="http://www.jcp.org/jcr/nt/1.0"
    jcr:primaryType="cq:Dialog"
    boxMinWidth="{Long}700"
    xtype="dialog">
    <items
        jcr:primaryType="cq:Widget"
        xtype="tabpanel">
        <items jcr:primaryType="cq:WidgetCollection">
            <cs_properties
                jcr:primaryType="cq:Widget"
                title="Country Selector"
                xtype="panel">
                <items jcr:primaryType="cq:WidgetCollection">
                    <hide_countryselector
                        jcr:primaryType="cq:Widget"
                        allowBlank="{Boolean}false"
                        fieldDescription="Select if the country and language selector is to be&#xa;hidden in the header."
                        fieldLabel="Hide Country and&#xa;Language Selector"
                        name="./hideCountry"
                        xtype="checkbox"/>
                    <country_name
                        jcr:primaryType="cq:Widget"
                        allowBlank="{Boolean}true"
                        fieldDescription="Enter the name of the country site you are authoring.&#xa;(i.e. &quot;United States&quot;)."
                        fieldLabel="Country Name"
                        name="./countryName"
                        xtype="textfield"/>
                    <country_shortname
                        jcr:primaryType="cq:Widget"
                        allowBlank="{Boolean}false"
                        fieldDescription="Enter the short name of the country site you are&#xa;authoring. (i.e. &quot;USA&quot;)."
                        fieldLabel="Country Short Name"
                        name="./country_shortname"
                        xtype="textfield"/>
                    <items
                        jcr:primaryType="cq:Widget"
                        fieldDescription="dropdown_description"
                        fieldLabel="dropdown_label"
                        name="./dropdownValue"
                        xtype="multifield">
                        <fieldConfig
                            jcr:primaryType="cq:Widget"
                            width="600"
                            xtype="multifieldpanel">
                            <items jcr:primaryType="cq:WidgetCollection">
                                <languageName
                                    jcr:primaryType="cq:Widget"
                                    allowBlank="{Boolean}false"
                                    anchor="100%"
                                    fieldDescription="Enter the language label of the country site you are&#xa;authoring. (i.e. &quot;English&quot;)"
                                    fieldLabel="Language Name"
                                    key="ques_image"
                                    xtype="ddpathfield"/>
                                <languageShortName
                                    jcr:primaryType="cq:Widget"
                                    allowBlank="{Boolean}false"
                                    anchor="100%"
                                    fieldDescription="Enter the shortened language label of the country site&#xa;you are authoring (i.e. &quot;ENG&quot;)"
                                    fieldLabel="Language Short&#xa;Name"
                                    key="ques_title"
                                    xtype="textfield"/>
                                <languageSitePath
                                    jcr:primaryType="cq:Widget"
                                    allowBlank="{Boolean}false"
                                    anchor="100%"
                                    fieldDescription="Enter the path to the language homepage for the&#xa;country site you are authoring."
                                    fieldLabel="Language Site Path"
                                    key="ques_ans1"
                                    xtype="pathfield"/>
                                <currentCountry
                                    jcr:primaryType="cq:Widget"
                                    allowBlank="{Boolean}false"
                                    anchor="100%"
                                    fieldDescription="Select the checkbox if you are currently authoring this&#xa;specific country/language site."
                                    fieldLabel="Current&#xa;Country/Language?"
                                    key="ques_scoreofans1"
                                    xtype="checkbox"/>
                            </items>
                        </fieldConfig>
                    </items>
                </items>
            </cs_properties>
        </items>
    </items>
    <listeners
        jcr:primaryType="nt:unstructured"
        beforesubmit="function(dialog){ return listeners.multifieldError(dialog);}"/>
</jcr:root>
